<?xml version="1.0" encoding="ISO-8859-1" ?>
<link_info>
   <banner>TI ARM Linker PC v18.12.4.LTS</banner>
   <copyright>Copyright (c) 1996-2018 Texas Instruments Incorporated</copyright>
   <link_time>0x6081df9a</link_time>
   <link_errors>0x0</link_errors>
   <output_file>ece3849_profiling.out</output_file>
   <entry_point>
      <name>_c_int00_noargs</name>
      <address>0x67d</address>
   </entry_point>
   <input_file_list>
      <input_file id="fl-2">
         <path>.\</path>
         <kind>object</kind>
         <file>block_copy.obj</file>
         <name>block_copy.obj</name>
      </input_file>
      <input_file id="fl-3">
         <path>.\</path>
         <kind>object</kind>
         <file>main.obj</file>
         <name>main.obj</name>
      </input_file>
      <input_file id="fl-4">
         <path>.\</path>
         <kind>object</kind>
         <file>tm4c1294ncpdt_startup_ccs.obj</file>
         <name>tm4c1294ncpdt_startup_ccs.obj</name>
      </input_file>
      <input_file id="fl-a">
         <kind>object</kind>
         <file>&lt;internal&gt;</file>
         <name>&lt;internal&gt;</name>
      </input_file>
      <input_file id="fl-c0">
         <path>C:\ti\ccs930\ccs\tools\compiler\ti-cgt-arm_18.12.4.LTS\lib\</path>
         <kind>archive</kind>
         <file>rtsv7M4_T_le_v4SPD16_eabi.lib</file>
         <name>memcpy_t2.asm.obj</name>
      </input_file>
      <input_file id="fl-c1">
         <path>C:\ti\ccs930\ccs\tools\compiler\ti-cgt-arm_18.12.4.LTS\lib\</path>
         <kind>archive</kind>
         <file>rtsv7M4_T_le_v4SPD16_eabi.lib</file>
         <name>copy_zero_init.c.obj</name>
      </input_file>
      <input_file id="fl-c2">
         <path>C:\ti\ccs930\ccs\tools\compiler\ti-cgt-arm_18.12.4.LTS\lib\</path>
         <kind>archive</kind>
         <file>rtsv7M4_T_le_v4SPD16_eabi.lib</file>
         <name>copy_decompress_none.c.obj</name>
      </input_file>
      <input_file id="fl-c3">
         <path>C:\ti\ccs930\ccs\tools\compiler\ti-cgt-arm_18.12.4.LTS\lib\</path>
         <kind>archive</kind>
         <file>rtsv7M4_T_le_v4SPD16_eabi.lib</file>
         <name>copy_decompress_lzss.c.obj</name>
      </input_file>
      <input_file id="fl-c4">
         <path>C:\ti\ccs930\ccs\tools\compiler\ti-cgt-arm_18.12.4.LTS\lib\</path>
         <kind>archive</kind>
         <file>rtsv7M4_T_le_v4SPD16_eabi.lib</file>
         <name>boot_cortex_m.c.obj</name>
      </input_file>
      <input_file id="fl-c5">
         <path>C:\ti\ccs930\ccs\tools\compiler\ti-cgt-arm_18.12.4.LTS\lib\</path>
         <kind>archive</kind>
         <file>rtsv7M4_T_le_v4SPD16_eabi.lib</file>
         <name>memset_t2.asm.obj</name>
      </input_file>
      <input_file id="fl-c6">
         <path>C:\ti\ccs930\ccs\tools\compiler\ti-cgt-arm_18.12.4.LTS\lib\</path>
         <kind>archive</kind>
         <file>rtsv7M4_T_le_v4SPD16_eabi.lib</file>
         <name>autoinit.c.obj</name>
      </input_file>
      <input_file id="fl-c7">
         <path>C:\ti\ccs930\ccs\tools\compiler\ti-cgt-arm_18.12.4.LTS\lib\</path>
         <kind>archive</kind>
         <file>rtsv7M4_T_le_v4SPD16_eabi.lib</file>
         <name>pre_init.c.obj</name>
      </input_file>
      <input_file id="fl-c8">
         <path>C:\ti\ccs930\ccs\tools\compiler\ti-cgt-arm_18.12.4.LTS\lib\</path>
         <kind>archive</kind>
         <file>rtsv7M4_T_le_v4SPD16_eabi.lib</file>
         <name>cpy_tbl.c.obj</name>
      </input_file>
      <input_file id="fl-c9">
         <path>C:\ti\ccs930\ccs\tools\compiler\ti-cgt-arm_18.12.4.LTS\lib\</path>
         <kind>archive</kind>
         <file>rtsv7M4_T_le_v4SPD16_eabi.lib</file>
         <name>exit.c.obj</name>
      </input_file>
      <input_file id="fl-ca">
         <path>C:\ti\ccs930\ccs\tools\compiler\ti-cgt-arm_18.12.4.LTS\lib\</path>
         <kind>archive</kind>
         <file>rtsv7M4_T_le_v4SPD16_eabi.lib</file>
         <name>_lock.c.obj</name>
      </input_file>
      <input_file id="fl-cb">
         <path>C:\ti\ccs930\ccs\tools\compiler\ti-cgt-arm_18.12.4.LTS\lib\</path>
         <kind>archive</kind>
         <file>rtsv7M4_T_le_v4SPD16_eabi.lib</file>
         <name>args_main.c.obj</name>
      </input_file>
      <input_file id="fl-cc">
         <path>C:\ti\tirtos_tivac_2_16_01_14\products\TivaWare_C_Series-2.1.1.71b\driverlib\ccs\Debug\</path>
         <kind>archive</kind>
         <file>driverlib.lib</file>
         <name>fpu.obj</name>
      </input_file>
      <input_file id="fl-cd">
         <path>C:\ti\tirtos_tivac_2_16_01_14\products\TivaWare_C_Series-2.1.1.71b\driverlib\ccs\Debug\</path>
         <kind>archive</kind>
         <file>driverlib.lib</file>
         <name>interrupt.obj</name>
      </input_file>
      <input_file id="fl-ce">
         <path>C:\ti\tirtos_tivac_2_16_01_14\products\TivaWare_C_Series-2.1.1.71b\driverlib\ccs\Debug\</path>
         <kind>archive</kind>
         <file>driverlib.lib</file>
         <name>sysctl.obj</name>
      </input_file>
      <input_file id="fl-cf">
         <path>C:\ti\tirtos_tivac_2_16_01_14\products\TivaWare_C_Series-2.1.1.71b\driverlib\ccs\Debug\</path>
         <kind>archive</kind>
         <file>driverlib.lib</file>
         <name>systick.obj</name>
      </input_file>
      <input_file id="fl-d0">
         <path>C:\ti\tirtos_tivac_2_16_01_14\products\TivaWare_C_Series-2.1.1.71b\driverlib\ccs\Debug\</path>
         <kind>archive</kind>
         <file>driverlib.lib</file>
         <name>cpu.obj</name>
      </input_file>
   </input_file_list>
   <object_component_list>
      <object_component id="oc-f">
         <name>.intvecs</name>
         <load_address>0x0</load_address>
         <run_address>0x0</run_address>
         <size>0x208</size>
         <input_file_ref idref="fl-4"/>
      </object_component>
      <object_component id="oc-d8">
         <name>.text:SysCtlClockFreqSet</name>
         <load_address>0x208</load_address>
         <run_address>0x208</run_address>
         <size>0x204</size>
         <input_file_ref idref="fl-ce"/>
      </object_component>
      <object_component id="oc-92">
         <name>.text:_system_pre_init</name>
         <load_address>0x40c</load_address>
         <run_address>0x40c</run_address>
         <size>0x4</size>
         <input_file_ref idref="fl-c7"/>
      </object_component>
      <object_component id="oc-98">
         <name>.text</name>
         <load_address>0x410</load_address>
         <run_address>0x410</run_address>
         <size>0x10a</size>
         <input_file_ref idref="fl-3"/>
      </object_component>
      <object_component id="oc-38">
         <name>.text</name>
         <load_address>0x51a</load_address>
         <run_address>0x51a</run_address>
         <size>0x9c</size>
         <input_file_ref idref="fl-c0"/>
      </object_component>
      <object_component id="oc-148">
         <name>.text:_SysCtlFrequencyGet</name>
         <load_address>0x5b8</load_address>
         <run_address>0x5b8</run_address>
         <size>0x48</size>
         <input_file_ref idref="fl-ce"/>
      </object_component>
      <object_component id="oc-105">
         <name>.text:__TI_auto_init_nobinit_nopinit:__TI_auto_init_nobinit_nopinit</name>
         <load_address>0x600</load_address>
         <run_address>0x600</run_address>
         <size>0x44</size>
         <input_file_ref idref="fl-c6"/>
      </object_component>
      <object_component id="oc-f3">
         <name>.text</name>
         <load_address>0x644</load_address>
         <run_address>0x644</run_address>
         <size>0x38</size>
         <input_file_ref idref="fl-2"/>
      </object_component>
      <object_component id="oc-56">
         <name>.text:_c_int00_noargs:_c_int00_noargs</name>
         <load_address>0x67c</load_address>
         <run_address>0x67c</run_address>
         <size>0x34</size>
         <input_file_ref idref="fl-c4"/>
      </object_component>
      <object_component id="oc-142">
         <name>.text:_SysCtlMemTimingGet</name>
         <load_address>0x6b0</load_address>
         <run_address>0x6b0</run_address>
         <size>0x1c</size>
         <input_file_ref idref="fl-ce"/>
      </object_component>
      <object_component id="oc-44">
         <name>.text:decompress:ZI:__TI_zero_init_nomemset:__TI_zero_init_nomemset</name>
         <load_address>0x6cc</load_address>
         <run_address>0x6cc</run_address>
         <size>0x1c</size>
         <input_file_ref idref="fl-c1"/>
      </object_component>
      <object_component id="oc-24">
         <name>.text</name>
         <load_address>0x6e8</load_address>
         <run_address>0x6e8</run_address>
         <size>0x1a</size>
         <input_file_ref idref="fl-4"/>
      </object_component>
      <object_component id="oc-e5">
         <name>.text:SysTickEnable</name>
         <load_address>0x704</load_address>
         <run_address>0x704</run_address>
         <size>0x14</size>
         <input_file_ref idref="fl-cf"/>
      </object_component>
      <object_component id="oc-cc">
         <name>.text:FPUEnable</name>
         <load_address>0x718</load_address>
         <run_address>0x718</run_address>
         <size>0x10</size>
         <input_file_ref idref="fl-cc"/>
      </object_component>
      <object_component id="oc-d2">
         <name>.text:FPULazyStackingEnable</name>
         <load_address>0x728</load_address>
         <run_address>0x728</run_address>
         <size>0x10</size>
         <input_file_ref idref="fl-cc"/>
      </object_component>
      <object_component id="oc-c6">
         <name>.text:IntMasterDisable</name>
         <load_address>0x738</load_address>
         <run_address>0x738</run_address>
         <size>0x10</size>
         <input_file_ref idref="fl-cd"/>
      </object_component>
      <object_component id="oc-df">
         <name>.text:SysTickPeriodSet</name>
         <load_address>0x748</load_address>
         <run_address>0x748</run_address>
         <size>0x10</size>
         <input_file_ref idref="fl-cf"/>
      </object_component>
      <object_component id="oc-139">
         <name>.text:CPUcpsid</name>
         <load_address>0x758</load_address>
         <run_address>0x758</run_address>
         <size>0xc</size>
         <input_file_ref idref="fl-d0"/>
      </object_component>
      <object_component id="oc-ec">
         <name>.text:SysTickValueGet</name>
         <load_address>0x764</load_address>
         <run_address>0x764</run_address>
         <size>0xc</size>
         <input_file_ref idref="fl-cf"/>
      </object_component>
      <object_component id="oc-f9">
         <name>.text:abort:abort</name>
         <load_address>0x770</load_address>
         <run_address>0x770</run_address>
         <size>0x4</size>
         <input_file_ref idref="fl-c9"/>
      </object_component>
      <object_component id="oc-151">
         <name>.const:g_pppui32XTALtoVCO</name>
         <load_address>0x774</load_address>
         <run_address>0x774</run_address>
         <size>0x120</size>
         <input_file_ref idref="fl-ce"/>
      </object_component>
      <object_component id="oc-14e">
         <name>.const:g_pui32Xtals</name>
         <load_address>0x894</load_address>
         <run_address>0x894</run_address>
         <size>0x6c</size>
         <input_file_ref idref="fl-ce"/>
      </object_component>
      <object_component id="oc-184">
         <name>.const:g_sXTALtoMEMTIM</name>
         <load_address>0x900</load_address>
         <run_address>0x900</run_address>
         <size>0x30</size>
         <input_file_ref idref="fl-ce"/>
      </object_component>
      <object_component id="oc-154">
         <name>.const</name>
         <load_address>0x930</load_address>
         <run_address>0x930</run_address>
         <size>0x8</size>
         <input_file_ref idref="fl-ce"/>
      </object_component>
      <object_component id="oc-1f3">
         <name>.cinit..bss.load</name>
         <load_address>0x938</load_address>
         <run_address>0x938</run_address>
         <size>0x8</size>
      </object_component>
      <object_component id="oc-1f1">
         <name>__TI_handler_table</name>
         <load_address>0x940</load_address>
         <run_address>0x940</run_address>
         <size>0x4</size>
      </object_component>
      <object_component id="oc-1f2">
         <name>__TI_cinit_table</name>
         <load_address>0x944</load_address>
         <run_address>0x944</run_address>
         <size>0x8</size>
      </object_component>
      <object_component id="oc-de">
         <name>.common:gSystemClock</name>
         <uninitialized>true</uninitialized>
         <run_address>0x20000880</run_address>
         <size>0x4</size>
      </object_component>
      <object_component id="oc-eb">
         <name>.common:src</name>
         <uninitialized>true</uninitialized>
         <run_address>0x20000840</run_address>
         <size>0x40</size>
      </object_component>
      <object_component id="oc-f2">
         <name>.common:dst</name>
         <uninitialized>true</uninitialized>
         <run_address>0x20000800</run_address>
         <size>0x40</size>
      </object_component>
      <object_component id="oc-21">
         <name>.stack</name>
         <uninitialized>true</uninitialized>
         <run_address>0x20000000</run_address>
         <size>0x4</size>
         <input_file_ref idref="fl-c4"/>
      </object_component>
      <object_component id="oc-1f4">
         <name>.stack</name>
         <uninitialized>true</uninitialized>
         <run_address>0x20000000</run_address>
         <size>0x0</size>
      </object_component>
      <object_component id="oc-f4">
         <name>.debug_info</name>
         <load_address>0x0</load_address>
         <run_address>0x0</run_address>
         <size>0x130</size>
         <input_file_ref idref="fl-2"/>
      </object_component>
      <object_component id="oc-b4">
         <name>.debug_info</name>
         <load_address>0x130</load_address>
         <run_address>0x130</run_address>
         <size>0x48a</size>
         <input_file_ref idref="fl-3"/>
      </object_component>
      <object_component id="oc-9a">
         <name>.debug_info</name>
         <load_address>0x5ba</load_address>
         <run_address>0x5ba</run_address>
         <size>0x44f</size>
         <input_file_ref idref="fl-3"/>
      </object_component>
      <object_component id="oc-6d">
         <name>.debug_info</name>
         <load_address>0xa09</load_address>
         <run_address>0xa09</run_address>
         <size>0x26b</size>
         <input_file_ref idref="fl-3"/>
      </object_component>
      <object_component id="oc-af">
         <name>.debug_info</name>
         <load_address>0xc74</load_address>
         <run_address>0xc74</run_address>
         <size>0x8b</size>
         <input_file_ref idref="fl-3"/>
      </object_component>
      <object_component id="oc-aa">
         <name>.debug_info</name>
         <load_address>0xcff</load_address>
         <run_address>0xcff</run_address>
         <size>0x297</size>
         <input_file_ref idref="fl-3"/>
      </object_component>
      <object_component id="oc-72">
         <name>.debug_info</name>
         <load_address>0xf96</load_address>
         <run_address>0xf96</run_address>
         <size>0xbb</size>
         <input_file_ref idref="fl-3"/>
      </object_component>
      <object_component id="oc-2c">
         <name>.debug_info</name>
         <load_address>0x1051</load_address>
         <run_address>0x1051</run_address>
         <size>0x2c7</size>
         <input_file_ref idref="fl-4"/>
      </object_component>
      <object_component id="oc-10">
         <name>.debug_info</name>
         <load_address>0x1318</load_address>
         <run_address>0x1318</run_address>
         <size>0x106</size>
         <input_file_ref idref="fl-4"/>
      </object_component>
      <object_component id="oc-26">
         <name>.debug_info</name>
         <load_address>0x141e</load_address>
         <run_address>0x141e</run_address>
         <size>0x285</size>
         <input_file_ref idref="fl-4"/>
      </object_component>
      <object_component id="oc-33">
         <name>.debug_info</name>
         <load_address>0x16a3</load_address>
         <run_address>0x16a3</run_address>
         <size>0x84</size>
         <input_file_ref idref="fl-4"/>
      </object_component>
      <object_component id="oc-3a">
         <name>.debug_info</name>
         <load_address>0x1727</load_address>
         <run_address>0x1727</run_address>
         <size>0x118</size>
         <input_file_ref idref="fl-c0"/>
      </object_component>
      <object_component id="oc-8b">
         <name>.debug_info</name>
         <load_address>0x183f</load_address>
         <run_address>0x183f</run_address>
         <size>0x2d3</size>
         <input_file_ref idref="fl-c1"/>
      </object_component>
      <object_component id="oc-45">
         <name>.debug_info</name>
         <load_address>0x1b12</load_address>
         <run_address>0x1b12</run_address>
         <size>0x1d1</size>
         <input_file_ref idref="fl-c1"/>
      </object_component>
      <object_component id="oc-86">
         <name>.debug_info</name>
         <load_address>0x1ce3</load_address>
         <run_address>0x1ce3</run_address>
         <size>0x46</size>
         <input_file_ref idref="fl-c1"/>
      </object_component>
      <object_component id="oc-bd">
         <name>.debug_info</name>
         <load_address>0x1d29</load_address>
         <run_address>0x1d29</run_address>
         <size>0x2c</size>
         <input_file_ref idref="fl-c1"/>
      </object_component>
      <object_component id="oc-22">
         <name>.debug_info</name>
         <load_address>0x1d55</load_address>
         <run_address>0x1d55</run_address>
         <size>0x10a</size>
         <input_file_ref idref="fl-c4"/>
      </object_component>
      <object_component id="oc-57">
         <name>.debug_info</name>
         <load_address>0x1e5f</load_address>
         <run_address>0x1e5f</run_address>
         <size>0x1a8</size>
         <input_file_ref idref="fl-c4"/>
      </object_component>
      <object_component id="oc-16e">
         <name>.debug_info</name>
         <load_address>0x2007</load_address>
         <run_address>0x2007</run_address>
         <size>0x4b2</size>
         <input_file_ref idref="fl-c6"/>
      </object_component>
      <object_component id="oc-106">
         <name>.debug_info</name>
         <load_address>0x24b9</load_address>
         <run_address>0x24b9</run_address>
         <size>0x1a5</size>
         <input_file_ref idref="fl-c6"/>
      </object_component>
      <object_component id="oc-1a8">
         <name>.debug_info</name>
         <load_address>0x265e</load_address>
         <run_address>0x265e</run_address>
         <size>0x39</size>
         <input_file_ref idref="fl-c6"/>
      </object_component>
      <object_component id="oc-1be">
         <name>.debug_info</name>
         <load_address>0x2697</load_address>
         <run_address>0x2697</run_address>
         <size>0x39</size>
         <input_file_ref idref="fl-c6"/>
      </object_component>
      <object_component id="oc-1ad">
         <name>.debug_info</name>
         <load_address>0x26d0</load_address>
         <run_address>0x26d0</run_address>
         <size>0x39</size>
         <input_file_ref idref="fl-c6"/>
      </object_component>
      <object_component id="oc-1b2">
         <name>.debug_info</name>
         <load_address>0x2709</load_address>
         <run_address>0x2709</run_address>
         <size>0xcd</size>
         <input_file_ref idref="fl-c6"/>
      </object_component>
      <object_component id="oc-94">
         <name>.debug_info</name>
         <load_address>0x27d6</load_address>
         <run_address>0x27d6</run_address>
         <size>0x152</size>
         <input_file_ref idref="fl-c7"/>
      </object_component>
      <object_component id="oc-fd">
         <name>.debug_info</name>
         <load_address>0x2928</load_address>
         <run_address>0x2928</run_address>
         <size>0x121</size>
         <input_file_ref idref="fl-c9"/>
      </object_component>
      <object_component id="oc-d4">
         <name>.debug_info</name>
         <load_address>0x2a49</load_address>
         <run_address>0x2a49</run_address>
         <size>0x225</size>
         <input_file_ref idref="fl-cc"/>
      </object_component>
      <object_component id="oc-cd">
         <name>.debug_info</name>
         <load_address>0x2c6e</load_address>
         <run_address>0x2c6e</run_address>
         <size>0x20d</size>
         <input_file_ref idref="fl-cc"/>
      </object_component>
      <object_component id="oc-158">
         <name>.debug_info</name>
         <load_address>0x2e7b</load_address>
         <run_address>0x2e7b</run_address>
         <size>0x18b</size>
         <input_file_ref idref="fl-cc"/>
      </object_component>
      <object_component id="oc-c7">
         <name>.debug_info</name>
         <load_address>0x3006</load_address>
         <run_address>0x3006</run_address>
         <size>0x240</size>
         <input_file_ref idref="fl-cd"/>
      </object_component>
      <object_component id="oc-15d">
         <name>.debug_info</name>
         <load_address>0x3246</load_address>
         <run_address>0x3246</run_address>
         <size>0x27f</size>
         <input_file_ref idref="fl-ce"/>
      </object_component>
      <object_component id="oc-14f">
         <name>.debug_info</name>
         <load_address>0x34c5</load_address>
         <run_address>0x34c5</run_address>
         <size>0x14d</size>
         <input_file_ref idref="fl-ce"/>
      </object_component>
      <object_component id="oc-152">
         <name>.debug_info</name>
         <load_address>0x3612</load_address>
         <run_address>0x3612</run_address>
         <size>0x159</size>
         <input_file_ref idref="fl-ce"/>
      </object_component>
      <object_component id="oc-185">
         <name>.debug_info</name>
         <load_address>0x376b</load_address>
         <run_address>0x376b</run_address>
         <size>0x153</size>
         <input_file_ref idref="fl-ce"/>
      </object_component>
      <object_component id="oc-155">
         <name>.debug_info</name>
         <load_address>0x38be</load_address>
         <run_address>0x38be</run_address>
         <size>0x160</size>
         <input_file_ref idref="fl-ce"/>
      </object_component>
      <object_component id="oc-143">
         <name>.debug_info</name>
         <load_address>0x3a1e</load_address>
         <run_address>0x3a1e</run_address>
         <size>0x270</size>
         <input_file_ref idref="fl-ce"/>
      </object_component>
      <object_component id="oc-149">
         <name>.debug_info</name>
         <load_address>0x3c8e</load_address>
         <run_address>0x3c8e</run_address>
         <size>0x2ba</size>
         <input_file_ref idref="fl-ce"/>
      </object_component>
      <object_component id="oc-d9">
         <name>.debug_info</name>
         <load_address>0x3f48</load_address>
         <run_address>0x3f48</run_address>
         <size>0x4ce</size>
         <input_file_ref idref="fl-ce"/>
      </object_component>
      <object_component id="oc-191">
         <name>.debug_info</name>
         <load_address>0x4416</load_address>
         <run_address>0x4416</run_address>
         <size>0x5f</size>
         <input_file_ref idref="fl-ce"/>
      </object_component>
      <object_component id="oc-15f">
         <name>.debug_info</name>
         <load_address>0x4475</load_address>
         <run_address>0x4475</run_address>
         <size>0x19d</size>
         <input_file_ref idref="fl-cf"/>
      </object_component>
      <object_component id="oc-ee">
         <name>.debug_info</name>
         <load_address>0x4612</load_address>
         <run_address>0x4612</run_address>
         <size>0x22c</size>
         <input_file_ref idref="fl-cf"/>
      </object_component>
      <object_component id="oc-e0">
         <name>.debug_info</name>
         <load_address>0x483e</load_address>
         <run_address>0x483e</run_address>
         <size>0x261</size>
         <input_file_ref idref="fl-cf"/>
      </object_component>
      <object_component id="oc-e6">
         <name>.debug_info</name>
         <load_address>0x4a9f</load_address>
         <run_address>0x4a9f</run_address>
         <size>0x221</size>
         <input_file_ref idref="fl-cf"/>
      </object_component>
      <object_component id="oc-13d">
         <name>.debug_info</name>
         <load_address>0x4cc0</load_address>
         <run_address>0x4cc0</run_address>
         <size>0x20f</size>
         <input_file_ref idref="fl-d0"/>
      </object_component>
      <object_component id="oc-1f5">
         <name>.debug_info</name>
         <load_address>0x4ecf</load_address>
         <run_address>0x4ecf</run_address>
         <size>0xb8</size>
      </object_component>
      <object_component id="oc-f7">
         <name>.debug_line</name>
         <load_address>0x0</load_address>
         <run_address>0x0</run_address>
         <size>0x5c</size>
         <input_file_ref idref="fl-2"/>
      </object_component>
      <object_component id="oc-138">
         <name>.debug_line</name>
         <load_address>0x5c</load_address>
         <run_address>0x5c</run_address>
         <size>0x192</size>
         <input_file_ref idref="fl-3"/>
      </object_component>
      <object_component id="oc-9d">
         <name>.debug_line</name>
         <load_address>0x1ee</load_address>
         <run_address>0x1ee</run_address>
         <size>0x99</size>
         <input_file_ref idref="fl-3"/>
      </object_component>
      <object_component id="oc-70">
         <name>.debug_line</name>
         <load_address>0x287</load_address>
         <run_address>0x287</run_address>
         <size>0x6f</size>
         <input_file_ref idref="fl-3"/>
      </object_component>
      <object_component id="oc-b2">
         <name>.debug_line</name>
         <load_address>0x2f6</load_address>
         <run_address>0x2f6</run_address>
         <size>0x20</size>
         <input_file_ref idref="fl-3"/>
      </object_component>
      <object_component id="oc-ad">
         <name>.debug_line</name>
         <load_address>0x316</load_address>
         <run_address>0x316</run_address>
         <size>0x73</size>
         <input_file_ref idref="fl-3"/>
      </object_component>
      <object_component id="oc-75">
         <name>.debug_line</name>
         <load_address>0x389</load_address>
         <run_address>0x389</run_address>
         <size>0x70</size>
         <input_file_ref idref="fl-3"/>
      </object_component>
      <object_component id="oc-6c">
         <name>.debug_line</name>
         <load_address>0x3f9</load_address>
         <run_address>0x3f9</run_address>
         <size>0x42</size>
         <input_file_ref idref="fl-4"/>
      </object_component>
      <object_component id="oc-2b">
         <name>.debug_line</name>
         <load_address>0x43b</load_address>
         <run_address>0x43b</run_address>
         <size>0x42</size>
         <input_file_ref idref="fl-4"/>
      </object_component>
      <object_component id="oc-25">
         <name>.debug_line</name>
         <load_address>0x47d</load_address>
         <run_address>0x47d</run_address>
         <size>0x9c</size>
         <input_file_ref idref="fl-4"/>
      </object_component>
      <object_component id="oc-36">
         <name>.debug_line</name>
         <load_address>0x519</load_address>
         <run_address>0x519</run_address>
         <size>0x20</size>
         <input_file_ref idref="fl-4"/>
      </object_component>
      <object_component id="oc-3c">
         <name>.debug_line</name>
         <load_address>0x539</load_address>
         <run_address>0x539</run_address>
         <size>0x88</size>
         <input_file_ref idref="fl-c0"/>
      </object_component>
      <object_component id="oc-c3">
         <name>.debug_line</name>
         <load_address>0x5c1</load_address>
         <run_address>0x5c1</run_address>
         <size>0x90</size>
         <input_file_ref idref="fl-c1"/>
      </object_component>
      <object_component id="oc-48">
         <name>.debug_line</name>
         <load_address>0x651</load_address>
         <run_address>0x651</run_address>
         <size>0x56</size>
         <input_file_ref idref="fl-c1"/>
      </object_component>
      <object_component id="oc-89">
         <name>.debug_line</name>
         <load_address>0x6a7</load_address>
         <run_address>0x6a7</run_address>
         <size>0x34</size>
         <input_file_ref idref="fl-c1"/>
      </object_component>
      <object_component id="oc-c0">
         <name>.debug_line</name>
         <load_address>0x6db</load_address>
         <run_address>0x6db</run_address>
         <size>0x90</size>
         <input_file_ref idref="fl-c1"/>
      </object_component>
      <object_component id="oc-69">
         <name>.debug_line</name>
         <load_address>0x76b</load_address>
         <run_address>0x76b</run_address>
         <size>0x33</size>
         <input_file_ref idref="fl-c4"/>
      </object_component>
      <object_component id="oc-5a">
         <name>.debug_line</name>
         <load_address>0x79e</load_address>
         <run_address>0x79e</run_address>
         <size>0x45</size>
         <input_file_ref idref="fl-c4"/>
      </object_component>
      <object_component id="oc-1a7">
         <name>.debug_line</name>
         <load_address>0x7e3</load_address>
         <run_address>0x7e3</run_address>
         <size>0xbd</size>
         <input_file_ref idref="fl-c6"/>
      </object_component>
      <object_component id="oc-109">
         <name>.debug_line</name>
         <load_address>0x8a0</load_address>
         <run_address>0x8a0</run_address>
         <size>0x6f</size>
         <input_file_ref idref="fl-c6"/>
      </object_component>
      <object_component id="oc-1ab">
         <name>.debug_line</name>
         <load_address>0x90f</load_address>
         <run_address>0x90f</run_address>
         <size>0x2e</size>
         <input_file_ref idref="fl-c6"/>
      </object_component>
      <object_component id="oc-1c1">
         <name>.debug_line</name>
         <load_address>0x93d</load_address>
         <run_address>0x93d</run_address>
         <size>0x98</size>
         <input_file_ref idref="fl-c6"/>
      </object_component>
      <object_component id="oc-1b0">
         <name>.debug_line</name>
         <load_address>0x9d5</load_address>
         <run_address>0x9d5</run_address>
         <size>0x95</size>
         <input_file_ref idref="fl-c6"/>
      </object_component>
      <object_component id="oc-1b5">
         <name>.debug_line</name>
         <load_address>0xa6a</load_address>
         <run_address>0xa6a</run_address>
         <size>0x91</size>
         <input_file_ref idref="fl-c6"/>
      </object_component>
      <object_component id="oc-97">
         <name>.debug_line</name>
         <load_address>0xafb</load_address>
         <run_address>0xafb</run_address>
         <size>0x40</size>
         <input_file_ref idref="fl-c7"/>
      </object_component>
      <object_component id="oc-fa">
         <name>.debug_line</name>
         <load_address>0xb3b</load_address>
         <run_address>0xb3b</run_address>
         <size>0x3c</size>
         <input_file_ref idref="fl-c9"/>
      </object_component>
      <object_component id="oc-d7">
         <name>.debug_line</name>
         <load_address>0xb77</load_address>
         <run_address>0xb77</run_address>
         <size>0x91</size>
         <input_file_ref idref="fl-cc"/>
      </object_component>
      <object_component id="oc-d0">
         <name>.debug_line</name>
         <load_address>0xc08</load_address>
         <run_address>0xc08</run_address>
         <size>0x8e</size>
         <input_file_ref idref="fl-cc"/>
      </object_component>
      <object_component id="oc-15b">
         <name>.debug_line</name>
         <load_address>0xc96</load_address>
         <run_address>0xc96</run_address>
         <size>0x62</size>
         <input_file_ref idref="fl-cc"/>
      </object_component>
      <object_component id="oc-ca">
         <name>.debug_line</name>
         <load_address>0xcf8</load_address>
         <run_address>0xcf8</run_address>
         <size>0x97</size>
         <input_file_ref idref="fl-cd"/>
      </object_component>
      <object_component id="oc-190">
         <name>.debug_line</name>
         <load_address>0xd8f</load_address>
         <run_address>0xd8f</run_address>
         <size>0x13d</size>
         <input_file_ref idref="fl-ce"/>
      </object_component>
      <object_component id="oc-18a">
         <name>.debug_line</name>
         <load_address>0xecc</load_address>
         <run_address>0xecc</run_address>
         <size>0x7f</size>
         <input_file_ref idref="fl-ce"/>
      </object_component>
      <object_component id="oc-18c">
         <name>.debug_line</name>
         <load_address>0xf4b</load_address>
         <run_address>0xf4b</run_address>
         <size>0x7f</size>
         <input_file_ref idref="fl-ce"/>
      </object_component>
      <object_component id="oc-1ba">
         <name>.debug_line</name>
         <load_address>0xfca</load_address>
         <run_address>0xfca</run_address>
         <size>0x7f</size>
         <input_file_ref idref="fl-ce"/>
      </object_component>
      <object_component id="oc-18e">
         <name>.debug_line</name>
         <load_address>0x1049</load_address>
         <run_address>0x1049</run_address>
         <size>0x7f</size>
         <input_file_ref idref="fl-ce"/>
      </object_component>
      <object_component id="oc-146">
         <name>.debug_line</name>
         <load_address>0x10c8</load_address>
         <run_address>0x10c8</run_address>
         <size>0x9e</size>
         <input_file_ref idref="fl-ce"/>
      </object_component>
      <object_component id="oc-14c">
         <name>.debug_line</name>
         <load_address>0x1166</load_address>
         <run_address>0x1166</run_address>
         <size>0xaf</size>
         <input_file_ref idref="fl-ce"/>
      </object_component>
      <object_component id="oc-dc">
         <name>.debug_line</name>
         <load_address>0x1215</load_address>
         <run_address>0x1215</run_address>
         <size>0x187</size>
         <input_file_ref idref="fl-ce"/>
      </object_component>
      <object_component id="oc-194">
         <name>.debug_line</name>
         <load_address>0x139c</load_address>
         <run_address>0x139c</run_address>
         <size>0x7f</size>
         <input_file_ref idref="fl-ce"/>
      </object_component>
      <object_component id="oc-197">
         <name>.debug_line</name>
         <load_address>0x141b</load_address>
         <run_address>0x141b</run_address>
         <size>0x82</size>
         <input_file_ref idref="fl-cf"/>
      </object_component>
      <object_component id="oc-ed">
         <name>.debug_line</name>
         <load_address>0x149d</load_address>
         <run_address>0x149d</run_address>
         <size>0x95</size>
         <input_file_ref idref="fl-cf"/>
      </object_component>
      <object_component id="oc-e4">
         <name>.debug_line</name>
         <load_address>0x1532</load_address>
         <run_address>0x1532</run_address>
         <size>0x95</size>
         <input_file_ref idref="fl-cf"/>
      </object_component>
      <object_component id="oc-e9">
         <name>.debug_line</name>
         <load_address>0x15c7</load_address>
         <run_address>0x15c7</run_address>
         <size>0x92</size>
         <input_file_ref idref="fl-cf"/>
      </object_component>
      <object_component id="oc-13c">
         <name>.debug_line</name>
         <load_address>0x1659</load_address>
         <run_address>0x1659</run_address>
         <size>0x91</size>
         <input_file_ref idref="fl-d0"/>
      </object_component>
      <object_component id="oc-162">
         <name>.debug_abbrev</name>
         <load_address>0x0</load_address>
         <run_address>0x0</run_address>
         <size>0x3b</size>
         <input_file_ref idref="fl-2"/>
      </object_component>
      <object_component id="oc-137">
         <name>.debug_abbrev</name>
         <load_address>0x3b</load_address>
         <run_address>0x3b</run_address>
         <size>0xe2</size>
         <input_file_ref idref="fl-3"/>
      </object_component>
      <object_component id="oc-f8">
         <name>.debug_abbrev</name>
         <load_address>0x11d</load_address>
         <run_address>0x11d</run_address>
         <size>0xa9</size>
         <input_file_ref idref="fl-3"/>
      </object_component>
      <object_component id="oc-6f">
         <name>.debug_abbrev</name>
         <load_address>0x1c6</load_address>
         <run_address>0x1c6</run_address>
         <size>0x69</size>
         <input_file_ref idref="fl-3"/>
      </object_component>
      <object_component id="oc-b1">
         <name>.debug_abbrev</name>
         <load_address>0x22f</load_address>
         <run_address>0x22f</run_address>
         <size>0x1f</size>
         <input_file_ref idref="fl-3"/>
      </object_component>
      <object_component id="oc-ac">
         <name>.debug_abbrev</name>
         <load_address>0x24e</load_address>
         <run_address>0x24e</run_address>
         <size>0x5c</size>
         <input_file_ref idref="fl-3"/>
      </object_component>
      <object_component id="oc-74">
         <name>.debug_abbrev</name>
         <load_address>0x2aa</load_address>
         <run_address>0x2aa</run_address>
         <size>0x24</size>
         <input_file_ref idref="fl-3"/>
      </object_component>
      <object_component id="oc-6b">
         <name>.debug_abbrev</name>
         <load_address>0x2ce</load_address>
         <run_address>0x2ce</run_address>
         <size>0x68</size>
         <input_file_ref idref="fl-4"/>
      </object_component>
      <object_component id="oc-2a">
         <name>.debug_abbrev</name>
         <load_address>0x336</load_address>
         <run_address>0x336</run_address>
         <size>0x29</size>
         <input_file_ref idref="fl-4"/>
      </object_component>
      <object_component id="oc-6a">
         <name>.debug_abbrev</name>
         <load_address>0x35f</load_address>
         <run_address>0x35f</run_address>
         <size>0xcb</size>
         <input_file_ref idref="fl-4"/>
      </object_component>
      <object_component id="oc-35">
         <name>.debug_abbrev</name>
         <load_address>0x42a</load_address>
         <run_address>0x42a</run_address>
         <size>0x1f</size>
         <input_file_ref idref="fl-4"/>
      </object_component>
      <object_component id="oc-7d">
         <name>.debug_abbrev</name>
         <load_address>0x449</load_address>
         <run_address>0x449</run_address>
         <size>0x3e</size>
         <input_file_ref idref="fl-c0"/>
      </object_component>
      <object_component id="oc-c2">
         <name>.debug_abbrev</name>
         <load_address>0x487</load_address>
         <run_address>0x487</run_address>
         <size>0x5d</size>
         <input_file_ref idref="fl-c1"/>
      </object_component>
      <object_component id="oc-85">
         <name>.debug_abbrev</name>
         <load_address>0x4e4</load_address>
         <run_address>0x4e4</run_address>
         <size>0x6f</size>
         <input_file_ref idref="fl-c1"/>
      </object_component>
      <object_component id="oc-88">
         <name>.debug_abbrev</name>
         <load_address>0x553</load_address>
         <run_address>0x553</run_address>
         <size>0x24</size>
         <input_file_ref idref="fl-c1"/>
      </object_component>
      <object_component id="oc-bf">
         <name>.debug_abbrev</name>
         <load_address>0x577</load_address>
         <run_address>0x577</run_address>
         <size>0x24</size>
         <input_file_ref idref="fl-c1"/>
      </object_component>
      <object_component id="oc-68">
         <name>.debug_abbrev</name>
         <load_address>0x59b</load_address>
         <run_address>0x59b</run_address>
         <size>0x29</size>
         <input_file_ref idref="fl-c4"/>
      </object_component>
      <object_component id="oc-a1">
         <name>.debug_abbrev</name>
         <load_address>0x5c4</load_address>
         <run_address>0x5c4</run_address>
         <size>0x55</size>
         <input_file_ref idref="fl-c4"/>
      </object_component>
      <object_component id="oc-1a6">
         <name>.debug_abbrev</name>
         <load_address>0x619</load_address>
         <run_address>0x619</run_address>
         <size>0xc0</size>
         <input_file_ref idref="fl-c6"/>
      </object_component>
      <object_component id="oc-16d">
         <name>.debug_abbrev</name>
         <load_address>0x6d9</load_address>
         <run_address>0x6d9</run_address>
         <size>0x7e</size>
         <input_file_ref idref="fl-c6"/>
      </object_component>
      <object_component id="oc-1aa">
         <name>.debug_abbrev</name>
         <load_address>0x757</load_address>
         <run_address>0x757</run_address>
         <size>0x24</size>
         <input_file_ref idref="fl-c6"/>
      </object_component>
      <object_component id="oc-1c0">
         <name>.debug_abbrev</name>
         <load_address>0x77b</load_address>
         <run_address>0x77b</run_address>
         <size>0x24</size>
         <input_file_ref idref="fl-c6"/>
      </object_component>
      <object_component id="oc-1af">
         <name>.debug_abbrev</name>
         <load_address>0x79f</load_address>
         <run_address>0x79f</run_address>
         <size>0x24</size>
         <input_file_ref idref="fl-c6"/>
      </object_component>
      <object_component id="oc-1b4">
         <name>.debug_abbrev</name>
         <load_address>0x7c3</load_address>
         <run_address>0x7c3</run_address>
         <size>0x4b</size>
         <input_file_ref idref="fl-c6"/>
      </object_component>
      <object_component id="oc-c5">
         <name>.debug_abbrev</name>
         <load_address>0x80e</load_address>
         <run_address>0x80e</run_address>
         <size>0x55</size>
         <input_file_ref idref="fl-c7"/>
      </object_component>
      <object_component id="oc-163">
         <name>.debug_abbrev</name>
         <load_address>0x863</load_address>
         <run_address>0x863</run_address>
         <size>0x45</size>
         <input_file_ref idref="fl-c9"/>
      </object_component>
      <object_component id="oc-141">
         <name>.debug_abbrev</name>
         <load_address>0x8a8</load_address>
         <run_address>0x8a8</run_address>
         <size>0x50</size>
         <input_file_ref idref="fl-cc"/>
      </object_component>
      <object_component id="oc-140">
         <name>.debug_abbrev</name>
         <load_address>0x8f8</load_address>
         <run_address>0x8f8</run_address>
         <size>0x50</size>
         <input_file_ref idref="fl-cc"/>
      </object_component>
      <object_component id="oc-15a">
         <name>.debug_abbrev</name>
         <load_address>0x948</load_address>
         <run_address>0x948</run_address>
         <size>0x35</size>
         <input_file_ref idref="fl-cc"/>
      </object_component>
      <object_component id="oc-13f">
         <name>.debug_abbrev</name>
         <load_address>0x97d</load_address>
         <run_address>0x97d</run_address>
         <size>0x60</size>
         <input_file_ref idref="fl-cd"/>
      </object_component>
      <object_component id="oc-18f">
         <name>.debug_abbrev</name>
         <load_address>0x9dd</load_address>
         <run_address>0x9dd</run_address>
         <size>0xb0</size>
         <input_file_ref idref="fl-ce"/>
      </object_component>
      <object_component id="oc-189">
         <name>.debug_abbrev</name>
         <load_address>0xa8d</load_address>
         <run_address>0xa8d</run_address>
         <size>0x27</size>
         <input_file_ref idref="fl-ce"/>
      </object_component>
      <object_component id="oc-18b">
         <name>.debug_abbrev</name>
         <load_address>0xab4</load_address>
         <run_address>0xab4</run_address>
         <size>0x27</size>
         <input_file_ref idref="fl-ce"/>
      </object_component>
      <object_component id="oc-1b9">
         <name>.debug_abbrev</name>
         <load_address>0xadb</load_address>
         <run_address>0xadb</run_address>
         <size>0x27</size>
         <input_file_ref idref="fl-ce"/>
      </object_component>
      <object_component id="oc-18d">
         <name>.debug_abbrev</name>
         <load_address>0xb02</load_address>
         <run_address>0xb02</run_address>
         <size>0x27</size>
         <input_file_ref idref="fl-ce"/>
      </object_component>
      <object_component id="oc-187">
         <name>.debug_abbrev</name>
         <load_address>0xb29</load_address>
         <run_address>0xb29</run_address>
         <size>0x6c</size>
         <input_file_ref idref="fl-ce"/>
      </object_component>
      <object_component id="oc-188">
         <name>.debug_abbrev</name>
         <load_address>0xb95</load_address>
         <run_address>0xb95</run_address>
         <size>0x6c</size>
         <input_file_ref idref="fl-ce"/>
      </object_component>
      <object_component id="oc-157">
         <name>.debug_abbrev</name>
         <load_address>0xc01</load_address>
         <run_address>0xc01</run_address>
         <size>0x7c</size>
         <input_file_ref idref="fl-ce"/>
      </object_component>
      <object_component id="oc-193">
         <name>.debug_abbrev</name>
         <load_address>0xc7d</load_address>
         <run_address>0xc7d</run_address>
         <size>0x49</size>
         <input_file_ref idref="fl-ce"/>
      </object_component>
      <object_component id="oc-196">
         <name>.debug_abbrev</name>
         <load_address>0xcc6</load_address>
         <run_address>0xcc6</run_address>
         <size>0x5e</size>
         <input_file_ref idref="fl-cf"/>
      </object_component>
      <object_component id="oc-161">
         <name>.debug_abbrev</name>
         <load_address>0xd24</load_address>
         <run_address>0xd24</run_address>
         <size>0x52</size>
         <input_file_ref idref="fl-cf"/>
      </object_component>
      <object_component id="oc-15e">
         <name>.debug_abbrev</name>
         <load_address>0xd76</load_address>
         <run_address>0xd76</run_address>
         <size>0x6c</size>
         <input_file_ref idref="fl-cf"/>
      </object_component>
      <object_component id="oc-160">
         <name>.debug_abbrev</name>
         <load_address>0xde2</load_address>
         <run_address>0xde2</run_address>
         <size>0x50</size>
         <input_file_ref idref="fl-cf"/>
      </object_component>
      <object_component id="oc-183">
         <name>.debug_abbrev</name>
         <load_address>0xe32</load_address>
         <run_address>0xe32</run_address>
         <size>0x52</size>
         <input_file_ref idref="fl-d0"/>
      </object_component>
      <object_component id="oc-1f6">
         <name>.debug_abbrev</name>
         <load_address>0xe84</load_address>
         <run_address>0xe84</run_address>
         <size>0xf</size>
      </object_component>
      <object_component id="oc-f6">
         <name>.debug_aranges</name>
         <load_address>0x0</load_address>
         <run_address>0x0</run_address>
         <size>0x28</size>
         <input_file_ref idref="fl-2"/>
      </object_component>
      <object_component id="oc-9b">
         <name>.debug_aranges</name>
         <load_address>0x28</load_address>
         <run_address>0x28</run_address>
         <size>0x28</size>
         <input_file_ref idref="fl-3"/>
      </object_component>
      <object_component id="oc-28">
         <name>.debug_aranges</name>
         <load_address>0x50</load_address>
         <run_address>0x50</run_address>
         <size>0x38</size>
         <input_file_ref idref="fl-4"/>
      </object_component>
      <object_component id="oc-39">
         <name>.debug_aranges</name>
         <load_address>0x88</load_address>
         <run_address>0x88</run_address>
         <size>0x20</size>
         <input_file_ref idref="fl-c0"/>
      </object_component>
      <object_component id="oc-46">
         <name>.debug_aranges</name>
         <load_address>0xa8</load_address>
         <run_address>0xa8</run_address>
         <size>0x20</size>
         <input_file_ref idref="fl-c1"/>
      </object_component>
      <object_component id="oc-59">
         <name>.debug_aranges</name>
         <load_address>0xc8</load_address>
         <run_address>0xc8</run_address>
         <size>0x20</size>
         <input_file_ref idref="fl-c4"/>
      </object_component>
      <object_component id="oc-108">
         <name>.debug_aranges</name>
         <load_address>0xe8</load_address>
         <run_address>0xe8</run_address>
         <size>0x20</size>
         <input_file_ref idref="fl-c6"/>
      </object_component>
      <object_component id="oc-93">
         <name>.debug_aranges</name>
         <load_address>0x108</load_address>
         <run_address>0x108</run_address>
         <size>0x20</size>
         <input_file_ref idref="fl-c7"/>
      </object_component>
      <object_component id="oc-fb">
         <name>.debug_aranges</name>
         <load_address>0x128</load_address>
         <run_address>0x128</run_address>
         <size>0x20</size>
         <input_file_ref idref="fl-c9"/>
      </object_component>
      <object_component id="oc-d6">
         <name>.debug_aranges</name>
         <load_address>0x148</load_address>
         <run_address>0x148</run_address>
         <size>0x20</size>
         <input_file_ref idref="fl-cc"/>
      </object_component>
      <object_component id="oc-cf">
         <name>.debug_aranges</name>
         <load_address>0x168</load_address>
         <run_address>0x168</run_address>
         <size>0x20</size>
         <input_file_ref idref="fl-cc"/>
      </object_component>
      <object_component id="oc-c9">
         <name>.debug_aranges</name>
         <load_address>0x188</load_address>
         <run_address>0x188</run_address>
         <size>0x20</size>
         <input_file_ref idref="fl-cd"/>
      </object_component>
      <object_component id="oc-144">
         <name>.debug_aranges</name>
         <load_address>0x1a8</load_address>
         <run_address>0x1a8</run_address>
         <size>0x20</size>
         <input_file_ref idref="fl-ce"/>
      </object_component>
      <object_component id="oc-14a">
         <name>.debug_aranges</name>
         <load_address>0x1c8</load_address>
         <run_address>0x1c8</run_address>
         <size>0x20</size>
         <input_file_ref idref="fl-ce"/>
      </object_component>
      <object_component id="oc-da">
         <name>.debug_aranges</name>
         <load_address>0x1e8</load_address>
         <run_address>0x1e8</run_address>
         <size>0x20</size>
         <input_file_ref idref="fl-ce"/>
      </object_component>
      <object_component id="oc-f0">
         <name>.debug_aranges</name>
         <load_address>0x208</load_address>
         <run_address>0x208</run_address>
         <size>0x20</size>
         <input_file_ref idref="fl-cf"/>
      </object_component>
      <object_component id="oc-e1">
         <name>.debug_aranges</name>
         <load_address>0x228</load_address>
         <run_address>0x228</run_address>
         <size>0x20</size>
         <input_file_ref idref="fl-cf"/>
      </object_component>
      <object_component id="oc-e7">
         <name>.debug_aranges</name>
         <load_address>0x248</load_address>
         <run_address>0x248</run_address>
         <size>0x20</size>
         <input_file_ref idref="fl-cf"/>
      </object_component>
      <object_component id="oc-13b">
         <name>.debug_aranges</name>
         <load_address>0x268</load_address>
         <run_address>0x268</run_address>
         <size>0x20</size>
         <input_file_ref idref="fl-d0"/>
      </object_component>
      <object_component id="oc-f5">
         <name>.debug_pubnames</name>
         <load_address>0x0</load_address>
         <run_address>0x0</run_address>
         <size>0x33</size>
         <input_file_ref idref="fl-2"/>
      </object_component>
      <object_component id="oc-b5">
         <name>.debug_pubnames</name>
         <load_address>0x33</load_address>
         <run_address>0x33</run_address>
         <size>0x33</size>
         <input_file_ref idref="fl-3"/>
      </object_component>
      <object_component id="oc-9c">
         <name>.debug_pubnames</name>
         <load_address>0x66</load_address>
         <run_address>0x66</run_address>
         <size>0x2e</size>
         <input_file_ref idref="fl-3"/>
      </object_component>
      <object_component id="oc-11">
         <name>.debug_pubnames</name>
         <load_address>0x94</load_address>
         <run_address>0x94</run_address>
         <size>0x23</size>
         <input_file_ref idref="fl-4"/>
      </object_component>
      <object_component id="oc-27">
         <name>.debug_pubnames</name>
         <load_address>0xb7</load_address>
         <run_address>0xb7</run_address>
         <size>0x4c</size>
         <input_file_ref idref="fl-4"/>
      </object_component>
      <object_component id="oc-3b">
         <name>.debug_pubnames</name>
         <load_address>0x103</load_address>
         <run_address>0x103</run_address>
         <size>0x1d</size>
         <input_file_ref idref="fl-c0"/>
      </object_component>
      <object_component id="oc-47">
         <name>.debug_pubnames</name>
         <load_address>0x120</load_address>
         <run_address>0x120</run_address>
         <size>0x2e</size>
         <input_file_ref idref="fl-c1"/>
      </object_component>
      <object_component id="oc-23">
         <name>.debug_pubnames</name>
         <load_address>0x14e</load_address>
         <run_address>0x14e</run_address>
         <size>0x1e</size>
         <input_file_ref idref="fl-c4"/>
      </object_component>
      <object_component id="oc-58">
         <name>.debug_pubnames</name>
         <load_address>0x16c</load_address>
         <run_address>0x16c</run_address>
         <size>0x26</size>
         <input_file_ref idref="fl-c4"/>
      </object_component>
      <object_component id="oc-107">
         <name>.debug_pubnames</name>
         <load_address>0x192</load_address>
         <run_address>0x192</run_address>
         <size>0x35</size>
         <input_file_ref idref="fl-c6"/>
      </object_component>
      <object_component id="oc-95">
         <name>.debug_pubnames</name>
         <load_address>0x1c7</load_address>
         <run_address>0x1c7</run_address>
         <size>0x27</size>
         <input_file_ref idref="fl-c7"/>
      </object_component>
      <object_component id="oc-fe">
         <name>.debug_pubnames</name>
         <load_address>0x1ee</load_address>
         <run_address>0x1ee</run_address>
         <size>0x1c</size>
         <input_file_ref idref="fl-c9"/>
      </object_component>
      <object_component id="oc-d5">
         <name>.debug_pubnames</name>
         <load_address>0x20a</load_address>
         <run_address>0x20a</run_address>
         <size>0x2c</size>
         <input_file_ref idref="fl-cc"/>
      </object_component>
      <object_component id="oc-ce">
         <name>.debug_pubnames</name>
         <load_address>0x236</load_address>
         <run_address>0x236</run_address>
         <size>0x20</size>
         <input_file_ref idref="fl-cc"/>
      </object_component>
      <object_component id="oc-c8">
         <name>.debug_pubnames</name>
         <load_address>0x256</load_address>
         <run_address>0x256</run_address>
         <size>0x27</size>
         <input_file_ref idref="fl-cd"/>
      </object_component>
      <object_component id="oc-150">
         <name>.debug_pubnames</name>
         <load_address>0x27d</load_address>
         <run_address>0x27d</run_address>
         <size>0x23</size>
         <input_file_ref idref="fl-ce"/>
      </object_component>
      <object_component id="oc-153">
         <name>.debug_pubnames</name>
         <load_address>0x2a0</load_address>
         <run_address>0x2a0</run_address>
         <size>0x29</size>
         <input_file_ref idref="fl-ce"/>
      </object_component>
      <object_component id="oc-186">
         <name>.debug_pubnames</name>
         <load_address>0x2c9</load_address>
         <run_address>0x2c9</run_address>
         <size>0x26</size>
         <input_file_ref idref="fl-ce"/>
      </object_component>
      <object_component id="oc-156">
         <name>.debug_pubnames</name>
         <load_address>0x2ef</load_address>
         <run_address>0x2ef</run_address>
         <size>0x2c</size>
         <input_file_ref idref="fl-ce"/>
      </object_component>
      <object_component id="oc-145">
         <name>.debug_pubnames</name>
         <load_address>0x31b</load_address>
         <run_address>0x31b</run_address>
         <size>0x2a</size>
         <input_file_ref idref="fl-ce"/>
      </object_component>
      <object_component id="oc-14b">
         <name>.debug_pubnames</name>
         <load_address>0x345</load_address>
         <run_address>0x345</run_address>
         <size>0x2a</size>
         <input_file_ref idref="fl-ce"/>
      </object_component>
      <object_component id="oc-db">
         <name>.debug_pubnames</name>
         <load_address>0x36f</load_address>
         <run_address>0x36f</run_address>
         <size>0x29</size>
         <input_file_ref idref="fl-ce"/>
      </object_component>
      <object_component id="oc-ef">
         <name>.debug_pubnames</name>
         <load_address>0x398</load_address>
         <run_address>0x398</run_address>
         <size>0x26</size>
         <input_file_ref idref="fl-cf"/>
      </object_component>
      <object_component id="oc-e2">
         <name>.debug_pubnames</name>
         <load_address>0x3be</load_address>
         <run_address>0x3be</run_address>
         <size>0x27</size>
         <input_file_ref idref="fl-cf"/>
      </object_component>
      <object_component id="oc-e8">
         <name>.debug_pubnames</name>
         <load_address>0x3e5</load_address>
         <run_address>0x3e5</run_address>
         <size>0x24</size>
         <input_file_ref idref="fl-cf"/>
      </object_component>
      <object_component id="oc-13e">
         <name>.debug_pubnames</name>
         <load_address>0x409</load_address>
         <run_address>0x409</run_address>
         <size>0x1f</size>
         <input_file_ref idref="fl-d0"/>
      </object_component>
      <object_component id="oc-99">
         <name>.debug_frame</name>
         <load_address>0x0</load_address>
         <run_address>0x0</run_address>
         <size>0x80</size>
         <input_file_ref idref="fl-3"/>
      </object_component>
      <object_component id="oc-29">
         <name>.debug_frame</name>
         <load_address>0x80</load_address>
         <run_address>0x80</run_address>
         <size>0x90</size>
         <input_file_ref idref="fl-4"/>
      </object_component>
      <object_component id="oc-49">
         <name>.debug_frame</name>
         <load_address>0x110</load_address>
         <run_address>0x110</run_address>
         <size>0x54</size>
         <input_file_ref idref="fl-c1"/>
      </object_component>
      <object_component id="oc-5b">
         <name>.debug_frame</name>
         <load_address>0x164</load_address>
         <run_address>0x164</run_address>
         <size>0x50</size>
         <input_file_ref idref="fl-c4"/>
      </object_component>
      <object_component id="oc-10a">
         <name>.debug_frame</name>
         <load_address>0x1b4</load_address>
         <run_address>0x1b4</run_address>
         <size>0x5c</size>
         <input_file_ref idref="fl-c6"/>
      </object_component>
      <object_component id="oc-96">
         <name>.debug_frame</name>
         <load_address>0x210</load_address>
         <run_address>0x210</run_address>
         <size>0x54</size>
         <input_file_ref idref="fl-c7"/>
      </object_component>
      <object_component id="oc-fc">
         <name>.debug_frame</name>
         <load_address>0x264</load_address>
         <run_address>0x264</run_address>
         <size>0x54</size>
         <input_file_ref idref="fl-c9"/>
      </object_component>
      <object_component id="oc-d3">
         <name>.debug_frame</name>
         <load_address>0x2b8</load_address>
         <run_address>0x2b8</run_address>
         <size>0x7f</size>
         <input_file_ref idref="fl-cc"/>
      </object_component>
      <object_component id="oc-d1">
         <name>.debug_frame</name>
         <load_address>0x337</load_address>
         <run_address>0x337</run_address>
         <size>0x7f</size>
         <input_file_ref idref="fl-cc"/>
      </object_component>
      <object_component id="oc-cb">
         <name>.debug_frame</name>
         <load_address>0x3b6</load_address>
         <run_address>0x3b6</run_address>
         <size>0x86</size>
         <input_file_ref idref="fl-cd"/>
      </object_component>
      <object_component id="oc-147">
         <name>.debug_frame</name>
         <load_address>0x43c</load_address>
         <run_address>0x43c</run_address>
         <size>0x7f</size>
         <input_file_ref idref="fl-ce"/>
      </object_component>
      <object_component id="oc-14d">
         <name>.debug_frame</name>
         <load_address>0x4bb</load_address>
         <run_address>0x4bb</run_address>
         <size>0x8a</size>
         <input_file_ref idref="fl-ce"/>
      </object_component>
      <object_component id="oc-dd">
         <name>.debug_frame</name>
         <load_address>0x545</load_address>
         <run_address>0x545</run_address>
         <size>0x9e</size>
         <input_file_ref idref="fl-ce"/>
      </object_component>
      <object_component id="oc-f1">
         <name>.debug_frame</name>
         <load_address>0x5e3</load_address>
         <run_address>0x5e3</run_address>
         <size>0x7f</size>
         <input_file_ref idref="fl-cf"/>
      </object_component>
      <object_component id="oc-e3">
         <name>.debug_frame</name>
         <load_address>0x662</load_address>
         <run_address>0x662</run_address>
         <size>0x7f</size>
         <input_file_ref idref="fl-cf"/>
      </object_component>
      <object_component id="oc-ea">
         <name>.debug_frame</name>
         <load_address>0x6e1</load_address>
         <run_address>0x6e1</run_address>
         <size>0x7f</size>
         <input_file_ref idref="fl-cf"/>
      </object_component>
      <object_component id="oc-13a">
         <name>.debug_frame</name>
         <load_address>0x760</load_address>
         <run_address>0x760</run_address>
         <size>0x7f</size>
         <input_file_ref idref="fl-d0"/>
      </object_component>
      <object_component id="oc-71">
         <name>.debug_str</name>
         <load_address>0x0</load_address>
         <run_address>0x0</run_address>
         <size>0x2c9</size>
         <input_file_ref idref="fl-3"/>
      </object_component>
      <object_component id="oc-b3">
         <name>.debug_str</name>
         <load_address>0x2c9</load_address>
         <run_address>0x2c9</run_address>
         <size>0xfe</size>
         <input_file_ref idref="fl-3"/>
      </object_component>
      <object_component id="oc-ae">
         <name>.debug_str</name>
         <load_address>0x3c7</load_address>
         <run_address>0x3c7</run_address>
         <size>0x358</size>
         <input_file_ref idref="fl-3"/>
      </object_component>
      <object_component id="oc-76">
         <name>.debug_str</name>
         <load_address>0x71f</load_address>
         <run_address>0x71f</run_address>
         <size>0x161</size>
         <input_file_ref idref="fl-3"/>
      </object_component>
      <object_component id="oc-37">
         <name>.debug_str</name>
         <load_address>0x880</load_address>
         <run_address>0x880</run_address>
         <size>0xfe</size>
         <input_file_ref idref="fl-4"/>
      </object_component>
      <object_component id="oc-8a">
         <name>.debug_str</name>
         <load_address>0x97e</load_address>
         <run_address>0x97e</run_address>
         <size>0x104</size>
         <input_file_ref idref="fl-c1"/>
      </object_component>
      <object_component id="oc-c1">
         <name>.debug_str</name>
         <load_address>0xa82</load_address>
         <run_address>0xa82</run_address>
         <size>0x13d</size>
         <input_file_ref idref="fl-c1"/>
      </object_component>
      <object_component id="oc-1ac">
         <name>.debug_str</name>
         <load_address>0xbbf</load_address>
         <run_address>0xbbf</run_address>
         <size>0xec</size>
         <input_file_ref idref="fl-c6"/>
      </object_component>
      <object_component id="oc-1c2">
         <name>.debug_str</name>
         <load_address>0xcab</load_address>
         <run_address>0xcab</run_address>
         <size>0x154</size>
         <input_file_ref idref="fl-c6"/>
      </object_component>
      <object_component id="oc-1b1">
         <name>.debug_str</name>
         <load_address>0xdff</load_address>
         <run_address>0xdff</run_address>
         <size>0x14d</size>
         <input_file_ref idref="fl-c6"/>
      </object_component>
      <object_component id="oc-1b6">
         <name>.debug_str</name>
         <load_address>0xf4c</load_address>
         <run_address>0xf4c</run_address>
         <size>0x194</size>
         <input_file_ref idref="fl-c6"/>
      </object_component>
      <object_component id="oc-15c">
         <name>.debug_str</name>
         <load_address>0x10e0</load_address>
         <run_address>0x10e0</run_address>
         <size>0x23a</size>
         <input_file_ref idref="fl-cc"/>
      </object_component>
      <object_component id="oc-195">
         <name>.debug_str</name>
         <load_address>0x131a</load_address>
         <run_address>0x131a</run_address>
         <size>0x141</size>
         <input_file_ref idref="fl-ce"/>
      </object_component>
      <object_component id="oc-6e">
         <name>.debug_pubtypes</name>
         <load_address>0x0</load_address>
         <run_address>0x0</run_address>
         <size>0x25c</size>
         <input_file_ref idref="fl-3"/>
      </object_component>
      <object_component id="oc-b0">
         <name>.debug_pubtypes</name>
         <load_address>0x25c</load_address>
         <run_address>0x25c</run_address>
         <size>0xff</size>
         <input_file_ref idref="fl-3"/>
      </object_component>
      <object_component id="oc-ab">
         <name>.debug_pubtypes</name>
         <load_address>0x35b</load_address>
         <run_address>0x35b</run_address>
         <size>0x325</size>
         <input_file_ref idref="fl-3"/>
      </object_component>
      <object_component id="oc-73">
         <name>.debug_pubtypes</name>
         <load_address>0x680</load_address>
         <run_address>0x680</run_address>
         <size>0xaa</size>
         <input_file_ref idref="fl-3"/>
      </object_component>
      <object_component id="oc-34">
         <name>.debug_pubtypes</name>
         <load_address>0x72a</load_address>
         <run_address>0x72a</run_address>
         <size>0xed</size>
         <input_file_ref idref="fl-4"/>
      </object_component>
      <object_component id="oc-87">
         <name>.debug_pubtypes</name>
         <load_address>0x817</load_address>
         <run_address>0x817</run_address>
         <size>0x48</size>
         <input_file_ref idref="fl-c1"/>
      </object_component>
      <object_component id="oc-be">
         <name>.debug_pubtypes</name>
         <load_address>0x85f</load_address>
         <run_address>0x85f</run_address>
         <size>0x1d</size>
         <input_file_ref idref="fl-c1"/>
      </object_component>
      <object_component id="oc-1a9">
         <name>.debug_pubtypes</name>
         <load_address>0x87c</load_address>
         <run_address>0x87c</run_address>
         <size>0x32</size>
         <input_file_ref idref="fl-c6"/>
      </object_component>
      <object_component id="oc-1bf">
         <name>.debug_pubtypes</name>
         <load_address>0x8ae</load_address>
         <run_address>0x8ae</run_address>
         <size>0x30</size>
         <input_file_ref idref="fl-c6"/>
      </object_component>
      <object_component id="oc-1ae">
         <name>.debug_pubtypes</name>
         <load_address>0x8de</load_address>
         <run_address>0x8de</run_address>
         <size>0x2c</size>
         <input_file_ref idref="fl-c6"/>
      </object_component>
      <object_component id="oc-1b3">
         <name>.debug_pubtypes</name>
         <load_address>0x90a</load_address>
         <run_address>0x90a</run_address>
         <size>0x50</size>
         <input_file_ref idref="fl-c6"/>
      </object_component>
      <object_component id="oc-159">
         <name>.debug_pubtypes</name>
         <load_address>0x95a</load_address>
         <run_address>0x95a</run_address>
         <size>0x1c6</size>
         <input_file_ref idref="fl-cc"/>
      </object_component>
      <object_component id="oc-192">
         <name>.debug_pubtypes</name>
         <load_address>0xb20</load_address>
         <run_address>0xb20</run_address>
         <size>0x28</size>
         <input_file_ref idref="fl-ce"/>
      </object_component>
   </object_component_list>
   <logical_group_list>
      <logical_group id="lg-3" display="no" color="cyan">
         <name>.intvecs</name>
         <load_address>0x0</load_address>
         <run_address>0x0</run_address>
         <size>0x208</size>
         <contents>
            <object_component_ref idref="oc-f"/>
         </contents>
      </logical_group>
      <logical_group id="lg-4" display="no" color="cyan">
         <name>.text</name>
         <load_address>0x208</load_address>
         <run_address>0x208</run_address>
         <size>0x56c</size>
         <contents>
            <object_component_ref idref="oc-d8"/>
            <object_component_ref idref="oc-92"/>
            <object_component_ref idref="oc-98"/>
            <object_component_ref idref="oc-38"/>
            <object_component_ref idref="oc-148"/>
            <object_component_ref idref="oc-105"/>
            <object_component_ref idref="oc-f3"/>
            <object_component_ref idref="oc-56"/>
            <object_component_ref idref="oc-142"/>
            <object_component_ref idref="oc-44"/>
            <object_component_ref idref="oc-24"/>
            <object_component_ref idref="oc-e5"/>
            <object_component_ref idref="oc-cc"/>
            <object_component_ref idref="oc-d2"/>
            <object_component_ref idref="oc-c6"/>
            <object_component_ref idref="oc-df"/>
            <object_component_ref idref="oc-139"/>
            <object_component_ref idref="oc-ec"/>
            <object_component_ref idref="oc-f9"/>
         </contents>
      </logical_group>
      <logical_group id="lg-5" display="no" color="cyan">
         <name>.const</name>
         <load_address>0x774</load_address>
         <run_address>0x774</run_address>
         <size>0x1c4</size>
         <contents>
            <object_component_ref idref="oc-151"/>
            <object_component_ref idref="oc-14e"/>
            <object_component_ref idref="oc-184"/>
            <object_component_ref idref="oc-154"/>
         </contents>
      </logical_group>
      <logical_group id="lg-6" display="no" color="cyan">
         <name>.cinit</name>
         <load_address>0x938</load_address>
         <run_address>0x938</run_address>
         <size>0x14</size>
         <contents>
            <object_component_ref idref="oc-1f3"/>
            <object_component_ref idref="oc-1f1"/>
            <object_component_ref idref="oc-1f2"/>
         </contents>
      </logical_group>
      <logical_group id="lg-7" display="no" color="cyan">
         <name>.pinit</name>
         <run_address>0x0</run_address>
         <size>0x0</size>
         <contents>
         </contents>
      </logical_group>
      <logical_group id="lg-8" display="no" color="cyan">
         <name>.init_array</name>
         <run_address>0x0</run_address>
         <size>0x0</size>
         <contents>
         </contents>
      </logical_group>
      <logical_group id="lg-9" display="no" color="cyan">
         <name>.vtable</name>
         <run_address>0x0</run_address>
         <size>0x0</size>
         <contents>
         </contents>
      </logical_group>
      <logical_group id="lg-a" display="no" color="cyan">
         <name>.data</name>
         <run_address>0x0</run_address>
         <size>0x0</size>
         <contents>
         </contents>
      </logical_group>
      <logical_group id="lg-b" display="no" color="cyan">
         <name>.bss</name>
         <run_address>0x20000800</run_address>
         <size>0x84</size>
         <contents>
            <object_component_ref idref="oc-de"/>
            <object_component_ref idref="oc-eb"/>
            <object_component_ref idref="oc-f2"/>
         </contents>
      </logical_group>
      <logical_group id="lg-c" display="no" color="cyan">
         <name>.sysmem</name>
         <run_address>0x0</run_address>
         <size>0x0</size>
         <contents>
         </contents>
      </logical_group>
      <logical_group id="lg-d" display="no" color="cyan">
         <name>.stack</name>
         <run_address>0x20000000</run_address>
         <size>0x800</size>
         <contents>
            <object_component_ref idref="oc-21"/>
            <object_component_ref idref="oc-1f4"/>
         </contents>
      </logical_group>
      <logical_group id="lg-1ca" display="no" color="cyan">
         <name>.TI.noinit</name>
         <run_address>0x0</run_address>
         <size>0x0</size>
         <contents>
         </contents>
      </logical_group>
      <logical_group id="lg-1cb" display="no" color="cyan">
         <name>.TI.persistent</name>
         <run_address>0x0</run_address>
         <size>0x0</size>
         <contents>
         </contents>
      </logical_group>
      <logical_group id="lg-1d9" display="never" color="cyan">
         <name>.debug_info</name>
         <load_address>0x0</load_address>
         <run_address>0x0</run_address>
         <size>0x4f87</size>
         <contents>
            <object_component_ref idref="oc-f4"/>
            <object_component_ref idref="oc-b4"/>
            <object_component_ref idref="oc-9a"/>
            <object_component_ref idref="oc-6d"/>
            <object_component_ref idref="oc-af"/>
            <object_component_ref idref="oc-aa"/>
            <object_component_ref idref="oc-72"/>
            <object_component_ref idref="oc-2c"/>
            <object_component_ref idref="oc-10"/>
            <object_component_ref idref="oc-26"/>
            <object_component_ref idref="oc-33"/>
            <object_component_ref idref="oc-3a"/>
            <object_component_ref idref="oc-8b"/>
            <object_component_ref idref="oc-45"/>
            <object_component_ref idref="oc-86"/>
            <object_component_ref idref="oc-bd"/>
            <object_component_ref idref="oc-22"/>
            <object_component_ref idref="oc-57"/>
            <object_component_ref idref="oc-16e"/>
            <object_component_ref idref="oc-106"/>
            <object_component_ref idref="oc-1a8"/>
            <object_component_ref idref="oc-1be"/>
            <object_component_ref idref="oc-1ad"/>
            <object_component_ref idref="oc-1b2"/>
            <object_component_ref idref="oc-94"/>
            <object_component_ref idref="oc-fd"/>
            <object_component_ref idref="oc-d4"/>
            <object_component_ref idref="oc-cd"/>
            <object_component_ref idref="oc-158"/>
            <object_component_ref idref="oc-c7"/>
            <object_component_ref idref="oc-15d"/>
            <object_component_ref idref="oc-14f"/>
            <object_component_ref idref="oc-152"/>
            <object_component_ref idref="oc-185"/>
            <object_component_ref idref="oc-155"/>
            <object_component_ref idref="oc-143"/>
            <object_component_ref idref="oc-149"/>
            <object_component_ref idref="oc-d9"/>
            <object_component_ref idref="oc-191"/>
            <object_component_ref idref="oc-15f"/>
            <object_component_ref idref="oc-ee"/>
            <object_component_ref idref="oc-e0"/>
            <object_component_ref idref="oc-e6"/>
            <object_component_ref idref="oc-13d"/>
            <object_component_ref idref="oc-1f5"/>
         </contents>
      </logical_group>
      <logical_group id="lg-1db" display="never" color="cyan">
         <name>.debug_line</name>
         <load_address>0x0</load_address>
         <run_address>0x0</run_address>
         <size>0x16ea</size>
         <contents>
            <object_component_ref idref="oc-f7"/>
            <object_component_ref idref="oc-138"/>
            <object_component_ref idref="oc-9d"/>
            <object_component_ref idref="oc-70"/>
            <object_component_ref idref="oc-b2"/>
            <object_component_ref idref="oc-ad"/>
            <object_component_ref idref="oc-75"/>
            <object_component_ref idref="oc-6c"/>
            <object_component_ref idref="oc-2b"/>
            <object_component_ref idref="oc-25"/>
            <object_component_ref idref="oc-36"/>
            <object_component_ref idref="oc-3c"/>
            <object_component_ref idref="oc-c3"/>
            <object_component_ref idref="oc-48"/>
            <object_component_ref idref="oc-89"/>
            <object_component_ref idref="oc-c0"/>
            <object_component_ref idref="oc-69"/>
            <object_component_ref idref="oc-5a"/>
            <object_component_ref idref="oc-1a7"/>
            <object_component_ref idref="oc-109"/>
            <object_component_ref idref="oc-1ab"/>
            <object_component_ref idref="oc-1c1"/>
            <object_component_ref idref="oc-1b0"/>
            <object_component_ref idref="oc-1b5"/>
            <object_component_ref idref="oc-97"/>
            <object_component_ref idref="oc-fa"/>
            <object_component_ref idref="oc-d7"/>
            <object_component_ref idref="oc-d0"/>
            <object_component_ref idref="oc-15b"/>
            <object_component_ref idref="oc-ca"/>
            <object_component_ref idref="oc-190"/>
            <object_component_ref idref="oc-18a"/>
            <object_component_ref idref="oc-18c"/>
            <object_component_ref idref="oc-1ba"/>
            <object_component_ref idref="oc-18e"/>
            <object_component_ref idref="oc-146"/>
            <object_component_ref idref="oc-14c"/>
            <object_component_ref idref="oc-dc"/>
            <object_component_ref idref="oc-194"/>
            <object_component_ref idref="oc-197"/>
            <object_component_ref idref="oc-ed"/>
            <object_component_ref idref="oc-e4"/>
            <object_component_ref idref="oc-e9"/>
            <object_component_ref idref="oc-13c"/>
         </contents>
      </logical_group>
      <logical_group id="lg-1dd" display="never" color="cyan">
         <name>.debug_abbrev</name>
         <load_address>0x0</load_address>
         <run_address>0x0</run_address>
         <size>0xe93</size>
         <contents>
            <object_component_ref idref="oc-162"/>
            <object_component_ref idref="oc-137"/>
            <object_component_ref idref="oc-f8"/>
            <object_component_ref idref="oc-6f"/>
            <object_component_ref idref="oc-b1"/>
            <object_component_ref idref="oc-ac"/>
            <object_component_ref idref="oc-74"/>
            <object_component_ref idref="oc-6b"/>
            <object_component_ref idref="oc-2a"/>
            <object_component_ref idref="oc-6a"/>
            <object_component_ref idref="oc-35"/>
            <object_component_ref idref="oc-7d"/>
            <object_component_ref idref="oc-c2"/>
            <object_component_ref idref="oc-85"/>
            <object_component_ref idref="oc-88"/>
            <object_component_ref idref="oc-bf"/>
            <object_component_ref idref="oc-68"/>
            <object_component_ref idref="oc-a1"/>
            <object_component_ref idref="oc-1a6"/>
            <object_component_ref idref="oc-16d"/>
            <object_component_ref idref="oc-1aa"/>
            <object_component_ref idref="oc-1c0"/>
            <object_component_ref idref="oc-1af"/>
            <object_component_ref idref="oc-1b4"/>
            <object_component_ref idref="oc-c5"/>
            <object_component_ref idref="oc-163"/>
            <object_component_ref idref="oc-141"/>
            <object_component_ref idref="oc-140"/>
            <object_component_ref idref="oc-15a"/>
            <object_component_ref idref="oc-13f"/>
            <object_component_ref idref="oc-18f"/>
            <object_component_ref idref="oc-189"/>
            <object_component_ref idref="oc-18b"/>
            <object_component_ref idref="oc-1b9"/>
            <object_component_ref idref="oc-18d"/>
            <object_component_ref idref="oc-187"/>
            <object_component_ref idref="oc-188"/>
            <object_component_ref idref="oc-157"/>
            <object_component_ref idref="oc-193"/>
            <object_component_ref idref="oc-196"/>
            <object_component_ref idref="oc-161"/>
            <object_component_ref idref="oc-15e"/>
            <object_component_ref idref="oc-160"/>
            <object_component_ref idref="oc-183"/>
            <object_component_ref idref="oc-1f6"/>
         </contents>
      </logical_group>
      <logical_group id="lg-1df" display="never" color="cyan">
         <name>.debug_aranges</name>
         <load_address>0x0</load_address>
         <run_address>0x0</run_address>
         <size>0x288</size>
         <contents>
            <object_component_ref idref="oc-f6"/>
            <object_component_ref idref="oc-9b"/>
            <object_component_ref idref="oc-28"/>
            <object_component_ref idref="oc-39"/>
            <object_component_ref idref="oc-46"/>
            <object_component_ref idref="oc-59"/>
            <object_component_ref idref="oc-108"/>
            <object_component_ref idref="oc-93"/>
            <object_component_ref idref="oc-fb"/>
            <object_component_ref idref="oc-d6"/>
            <object_component_ref idref="oc-cf"/>
            <object_component_ref idref="oc-c9"/>
            <object_component_ref idref="oc-144"/>
            <object_component_ref idref="oc-14a"/>
            <object_component_ref idref="oc-da"/>
            <object_component_ref idref="oc-f0"/>
            <object_component_ref idref="oc-e1"/>
            <object_component_ref idref="oc-e7"/>
            <object_component_ref idref="oc-13b"/>
         </contents>
      </logical_group>
      <logical_group id="lg-1e1" display="never" color="cyan">
         <name>.debug_pubnames</name>
         <load_address>0x0</load_address>
         <run_address>0x0</run_address>
         <size>0x428</size>
         <contents>
            <object_component_ref idref="oc-f5"/>
            <object_component_ref idref="oc-b5"/>
            <object_component_ref idref="oc-9c"/>
            <object_component_ref idref="oc-11"/>
            <object_component_ref idref="oc-27"/>
            <object_component_ref idref="oc-3b"/>
            <object_component_ref idref="oc-47"/>
            <object_component_ref idref="oc-23"/>
            <object_component_ref idref="oc-58"/>
            <object_component_ref idref="oc-107"/>
            <object_component_ref idref="oc-95"/>
            <object_component_ref idref="oc-fe"/>
            <object_component_ref idref="oc-d5"/>
            <object_component_ref idref="oc-ce"/>
            <object_component_ref idref="oc-c8"/>
            <object_component_ref idref="oc-150"/>
            <object_component_ref idref="oc-153"/>
            <object_component_ref idref="oc-186"/>
            <object_component_ref idref="oc-156"/>
            <object_component_ref idref="oc-145"/>
            <object_component_ref idref="oc-14b"/>
            <object_component_ref idref="oc-db"/>
            <object_component_ref idref="oc-ef"/>
            <object_component_ref idref="oc-e2"/>
            <object_component_ref idref="oc-e8"/>
            <object_component_ref idref="oc-13e"/>
         </contents>
      </logical_group>
      <logical_group id="lg-1e3" display="never" color="cyan">
         <name>.debug_frame</name>
         <load_address>0x0</load_address>
         <run_address>0x0</run_address>
         <size>0x7df</size>
         <contents>
            <object_component_ref idref="oc-99"/>
            <object_component_ref idref="oc-29"/>
            <object_component_ref idref="oc-49"/>
            <object_component_ref idref="oc-5b"/>
            <object_component_ref idref="oc-10a"/>
            <object_component_ref idref="oc-96"/>
            <object_component_ref idref="oc-fc"/>
            <object_component_ref idref="oc-d3"/>
            <object_component_ref idref="oc-d1"/>
            <object_component_ref idref="oc-cb"/>
            <object_component_ref idref="oc-147"/>
            <object_component_ref idref="oc-14d"/>
            <object_component_ref idref="oc-dd"/>
            <object_component_ref idref="oc-f1"/>
            <object_component_ref idref="oc-e3"/>
            <object_component_ref idref="oc-ea"/>
            <object_component_ref idref="oc-13a"/>
         </contents>
      </logical_group>
      <logical_group id="lg-1e5" display="never" color="cyan">
         <name>.debug_str</name>
         <load_address>0x0</load_address>
         <run_address>0x0</run_address>
         <size>0x145b</size>
         <contents>
            <object_component_ref idref="oc-71"/>
            <object_component_ref idref="oc-b3"/>
            <object_component_ref idref="oc-ae"/>
            <object_component_ref idref="oc-76"/>
            <object_component_ref idref="oc-37"/>
            <object_component_ref idref="oc-8a"/>
            <object_component_ref idref="oc-c1"/>
            <object_component_ref idref="oc-1ac"/>
            <object_component_ref idref="oc-1c2"/>
            <object_component_ref idref="oc-1b1"/>
            <object_component_ref idref="oc-1b6"/>
            <object_component_ref idref="oc-15c"/>
            <object_component_ref idref="oc-195"/>
         </contents>
      </logical_group>
      <logical_group id="lg-1e7" display="never" color="cyan">
         <name>.debug_pubtypes</name>
         <load_address>0x0</load_address>
         <run_address>0x0</run_address>
         <size>0xb48</size>
         <contents>
            <object_component_ref idref="oc-6e"/>
            <object_component_ref idref="oc-b0"/>
            <object_component_ref idref="oc-ab"/>
            <object_component_ref idref="oc-73"/>
            <object_component_ref idref="oc-34"/>
            <object_component_ref idref="oc-87"/>
            <object_component_ref idref="oc-be"/>
            <object_component_ref idref="oc-1a9"/>
            <object_component_ref idref="oc-1bf"/>
            <object_component_ref idref="oc-1ae"/>
            <object_component_ref idref="oc-1b3"/>
            <object_component_ref idref="oc-159"/>
            <object_component_ref idref="oc-192"/>
         </contents>
      </logical_group>
      <load_segment id="lg-1f9" display="no" color="cyan">
         <name>SEGMENT_0</name>
         <load_address>0x0</load_address>
         <run_address>0x0</run_address>
         <size>0x94c</size>
         <flags>0x5</flags>
         <contents>
            <logical_group_ref idref="lg-3"/>
            <logical_group_ref idref="lg-4"/>
            <logical_group_ref idref="lg-5"/>
            <logical_group_ref idref="lg-6"/>
         </contents>
      </load_segment>
      <load_segment id="lg-1fa" display="no" color="cyan">
         <name>SEGMENT_1</name>
         <run_address>0x20000000</run_address>
         <size>0x884</size>
         <flags>0x6</flags>
         <contents>
            <logical_group_ref idref="lg-d"/>
            <logical_group_ref idref="lg-b"/>
         </contents>
      </load_segment>
   </logical_group_list>
   <placement_map>
      <memory_area display="yes" color="green">
         <name>FLASH</name>
         <page_id>0x0</page_id>
         <origin>0x0</origin>
         <length>0x100000</length>
         <used_space>0x94c</used_space>
         <unused_space>0xff6b4</unused_space>
         <attributes>RX</attributes>
         <usage_details>
            <allocated_space>
               <start_address>0x0</start_address>
               <size>0x208</size>
               <logical_group_ref idref="lg-3"/>
            </allocated_space>
            <allocated_space>
               <start_address>0x208</start_address>
               <size>0x56c</size>
               <logical_group_ref idref="lg-4"/>
            </allocated_space>
            <allocated_space>
               <start_address>0x774</start_address>
               <size>0x1c4</size>
               <logical_group_ref idref="lg-5"/>
            </allocated_space>
            <allocated_space>
               <start_address>0x938</start_address>
               <size>0x14</size>
               <logical_group_ref idref="lg-6"/>
            </allocated_space>
            <available_space>
               <start_address>0x94c</start_address>
               <size>0xff6b4</size>
            </available_space>
         </usage_details>
      </memory_area>
      <memory_area display="yes" color="green">
         <name>SRAM</name>
         <page_id>0x0</page_id>
         <origin>0x20000000</origin>
         <length>0x40000</length>
         <used_space>0x884</used_space>
         <unused_space>0x3f77c</unused_space>
         <attributes>RWX</attributes>
         <usage_details>
            <allocated_space>
               <start_address>0x20000000</start_address>
               <size>0x800</size>
               <logical_group_ref idref="lg-d"/>
            </allocated_space>
            <allocated_space>
               <start_address>0x20000800</start_address>
               <size>0x84</size>
               <logical_group_ref idref="lg-b"/>
            </allocated_space>
            <available_space>
               <start_address>0x20000884</start_address>
               <size>0x3f77c</size>
            </available_space>
         </usage_details>
      </memory_area>
   </placement_map>
   <cptbl_list>
      <cptbl>
         <name>__TI_cinit_table</name>
         <cprec>
            <name>.bss</name>
            <load_address>0x938</load_address>
            <load_size>0x8</load_size>
            <run_address>0x20000800</run_address>
            <run_size>0x84</run_size>
            <compression>zero_init</compression>
         </cprec>
      </cptbl>
   </cptbl_list>
   <handler_table>
      <handler_table_name>__TI_handler_table</handler_table_name>
      <handler>
         <index>0x0</index>
         <name>__TI_zero_init</name>
      </handler>
   </handler_table>
   <symbol_table>
      <symbol id="sm-1">
         <name>__STACK_TOP</name>
         <value>0x20000200</value>
      </symbol>
      <symbol id="sm-2">
         <name>__TI_CINIT_Base</name>
         <value>0x944</value>
      </symbol>
      <symbol id="sm-3">
         <name>__TI_CINIT_Limit</name>
         <value>0x94c</value>
      </symbol>
      <symbol id="sm-4">
         <name>__TI_Handler_Table_Base</name>
         <value>0x940</value>
      </symbol>
      <symbol id="sm-5">
         <name>__TI_Handler_Table_Limit</name>
         <value>0x944</value>
      </symbol>
      <symbol id="sm-6">
         <name>binit</name>
         <value>0xffffffff</value>
      </symbol>
      <symbol id="sm-7">
         <name>__binit__</name>
         <value>0xffffffff</value>
      </symbol>
      <symbol id="sm-8">
         <name>__STACK_SIZE</name>
         <value>0x800</value>
      </symbol>
      <symbol id="sm-9">
         <name>__STACK_END</name>
         <value>0x20000800</value>
      </symbol>
      <symbol id="sm-a">
         <name>__c_args__</name>
         <value>0xffffffff</value>
      </symbol>
      <symbol id="sm-b">
         <name>__TI_pprof_out_hndl</name>
         <value>0xffffffff</value>
      </symbol>
      <symbol id="sm-c">
         <name>__TI_prof_data_start</name>
         <value>0xffffffff</value>
      </symbol>
      <symbol id="sm-d">
         <name>__TI_prof_data_size</name>
         <value>0xffffffff</value>
      </symbol>
      <symbol id="sm-2f">
         <name>block_copy4</name>
         <value>0x661</value>
         <object_component_ref idref="oc-f3"/>
      </symbol>
      <symbol id="sm-30">
         <name>block_copy32</name>
         <value>0x645</value>
         <object_component_ref idref="oc-f3"/>
      </symbol>
      <symbol id="sm-57">
         <name>gSystemClock</name>
         <value>0x20000880</value>
      </symbol>
      <symbol id="sm-58">
         <name>src</name>
         <value>0x20000840</value>
      </symbol>
      <symbol id="sm-59">
         <name>dst</name>
         <value>0x20000800</value>
      </symbol>
      <symbol id="sm-5a">
         <name>block_copy32_c</name>
         <value>0x411</value>
         <object_component_ref idref="oc-98"/>
      </symbol>
      <symbol id="sm-5b">
         <name>main</name>
         <value>0x431</value>
         <object_component_ref idref="oc-98"/>
      </symbol>
      <symbol id="sm-7c">
         <name>ResetISR</name>
         <value>0x6e9</value>
         <object_component_ref idref="oc-24"/>
      </symbol>
      <symbol id="sm-7d">
         <name>g_pfnVectors</name>
         <value>0x0</value>
         <object_component_ref idref="oc-f"/>
      </symbol>
      <symbol id="sm-98">
         <name>memcpy</name>
         <value>0x51b</value>
         <object_component_ref idref="oc-38"/>
      </symbol>
      <symbol id="sm-99">
         <name>__aeabi_memcpy</name>
         <value>0x51b</value>
         <object_component_ref idref="oc-38"/>
      </symbol>
      <symbol id="sm-9a">
         <name>__aeabi_memcpy8</name>
         <value>0x51b</value>
         <object_component_ref idref="oc-38"/>
      </symbol>
      <symbol id="sm-9b">
         <name>__aeabi_memcpy4</name>
         <value>0x51b</value>
         <object_component_ref idref="oc-38"/>
      </symbol>
      <symbol id="sm-b4">
         <name>__TI_zero_init_nomemset</name>
         <value>0x6cd</value>
         <object_component_ref idref="oc-44"/>
      </symbol>
      <symbol id="sm-c9">
         <name>__stack</name>
         <value>0x20000000</value>
         <object_component_ref idref="oc-21"/>
      </symbol>
      <symbol id="sm-ca">
         <name>_c_int00_noargs</name>
         <value>0x67d</value>
         <object_component_ref idref="oc-56"/>
      </symbol>
      <symbol id="sm-f3">
         <name>__TI_auto_init_nobinit_nopinit</name>
         <value>0x601</value>
         <object_component_ref idref="oc-105"/>
      </symbol>
      <symbol id="sm-fd">
         <name>_system_pre_init</name>
         <value>0x40d</value>
         <object_component_ref idref="oc-92"/>
      </symbol>
      <symbol id="sm-109">
         <name>C$$EXIT</name>
         <value>0x771</value>
         <object_component_ref idref="oc-f9"/>
      </symbol>
      <symbol id="sm-10a">
         <name>abort</name>
         <value>0x771</value>
         <object_component_ref idref="oc-f9"/>
      </symbol>
      <symbol id="sm-127">
         <name>FPULazyStackingEnable</name>
         <value>0x729</value>
         <object_component_ref idref="oc-d2"/>
      </symbol>
      <symbol id="sm-128">
         <name>FPUEnable</name>
         <value>0x719</value>
         <object_component_ref idref="oc-cc"/>
      </symbol>
      <symbol id="sm-133">
         <name>IntMasterDisable</name>
         <value>0x739</value>
         <object_component_ref idref="oc-c6"/>
      </symbol>
      <symbol id="sm-197">
         <name>SysCtlClockFreqSet</name>
         <value>0x209</value>
         <object_component_ref idref="oc-d8"/>
      </symbol>
      <symbol id="sm-1ba">
         <name>SysTickEnable</name>
         <value>0x705</value>
         <object_component_ref idref="oc-e5"/>
      </symbol>
      <symbol id="sm-1bb">
         <name>SysTickValueGet</name>
         <value>0x765</value>
         <object_component_ref idref="oc-ec"/>
      </symbol>
      <symbol id="sm-1bc">
         <name>SysTickPeriodSet</name>
         <value>0x749</value>
         <object_component_ref idref="oc-df"/>
      </symbol>
      <symbol id="sm-1c6">
         <name>CPUcpsid</name>
         <value>0x759</value>
         <object_component_ref idref="oc-139"/>
      </symbol>
      <symbol id="sm-1c7">
         <name>__TI_static_base__</name>
         <value>0x0</value>
      </symbol>
      <symbol id="sm-1c9">
         <name>__mpu_init</name>
         <value>0x0</value>
      </symbol>
      <symbol id="sm-1ca">
         <name>_system_post_cinit</name>
         <value>0x0</value>
      </symbol>
   </symbol_table>
   <title>Link successful</title>
</link_info>
