<?xml version="1.0" encoding="windows-1252"?>
<!--  This file conforms to the DTD xdc/bld/build.dtd -->
<package name="configPkg" version="" producerId="undefined">
    <units>
    </units>
    <sources>
        <srcFile name="package/cfg/rtos_pem4f.c"/>
    </sources>
    <configscripts>
        <srcFile name="C:/repos/ECE3849_D21/workspace/rtos_int_latency/ece3849_rtos_int_latency/rtos.cfg"/>
    </configscripts>
    <makefiles>
        <srcFile name="package.mak" src="package.bld"/>
        <srcFile name="package/package.xdc.dep" src="package.xdc"/>
        <srcFile name="package/cfg/rtos_pem4f.mak" src="package.bld"/>
        <srcFile name="package/cfg/rtos_pem4f.oem4f.dep" src="package/cfg/rtos_pem4f.c"/>
        <srcFile name="package/cfg/rtos_pem4f.dep" src="package/cfg/rtos_pem4f.cfg"/>
        <srcFile name="package/cfg/rtos.xem4f.mak" src="package.bld"/>
        <srcFile name="package/rel/configPkg.tar.dep" src="package/rel/configPkg.xdc.inc"/>
    </makefiles>
    <targets>
        <target name="ti.targets.arm.elf.M4F"
            version="ti.targets.arm.elf.M4F{1,0,18.12,4"
            rawVersion="18.12.4"
            platform="ti.platforms.tiva:TM4C1294NCPDT:1"
            isa="v7M4"
            suffix="em4f"
            rootDir="C:/ti/ccs930/ccs/tools/compiler/ti-cgt-arm_18.12.4.LTS"
            os="undefined"
            rts="ti.targets.arm.rtsarm">
            <model endian="little"
                codeModel="thumb2"
                dataModel="undefined"/>
        </target>
    </targets>
    <libraries>
    </libraries>
    <configurations>
    <configuration name="rtos"
        pname="rtos.pem4f"
        target="ti.targets.arm.elf.M4F"
        platform="ti.platforms.tiva:TM4C1294NCPDT"
        profile="release"
        isPartial="false"
        xCfgScript="package/cfg/rtos_pem4f.cfg"
        xCfgPrefix="package/cfg/rtos_pem4f"
        cfgScript="C:/repos/ECE3849_D21/workspace/rtos_int_latency/ece3849_rtos_int_latency/rtos.cfg"
        cfgArgs="null"
        />
    </configurations>
    <executables>
    <executable name="rtos"
        pname="rtos.xem4f"
        target="ti.targets.arm.elf.M4F"
        platform="ti.platforms.tiva:TM4C1294NCPDT"
        profile="release"
        xCfgScript="package/cfg/rtos_pem4f.cfg"
        xCfgPrefix="package/cfg/rtos_pem4f"
        cfgScript="C:/repos/ECE3849_D21/workspace/rtos_int_latency/ece3849_rtos_int_latency/rtos.cfg"
        cfgArgs="null"
        />
    </executables>
    <tests>
    <test exeName="rtos.xem4f"
        args=""
        groupName="rtos.xem4f"
        refOutput="undefined"
        refExitCode="0"
        execArgs=""
        />
    </tests>
    <releases relDir="package/rel/">
    <release name="configPkg"
        pname="configPkg.tar"
        label="default"
    >
        <file name="package/package.bld.xml"/>
        <file name="package/build.cfg"/>
        <file name="package/package.xdc.inc"/>
    </release>
    </releases>
    <repositories>
    </repositories>
</package>
